product_id,product_name,category,price,stock_quantity
1001,Widget A,Tools,52.78,186
1002,Widget B,Appliances,24.29,403
1003,Widget C,Gadgets,17.13,102
1004,Widget D,Appliances,,114
1005,Widget E,Gadgets,24.14,255
1006,Widget F,Appliances,27.95,296
1007,Widget G,Tools,,412
1008,Widget H,Gadgets,10.77,493
1009,Widget I,Tools,49.26,77
1010,Widget J,Gadgets,47.34,450
1011,Widget K,Tools,43.44,481
1012,Widget L,Tools,44.81,120
1013,Widget M,Tools,58.46,452
1014,Widget N,Gadgets,,174
1015,Widget O,Tools,17.44,333
1016,Widget P,Appliances,38.01,157
1017,Widget Q,Appliances,31.07,70
1018,Widget R,Tools,,167
1019,Widget S,Appliances,32.3,432
1020,Widget T,Gadgets,16.46,370
1021,Widget U,Gadgets,28.55,224
1022,Widget V,Gadgets,21.5,414
1023,Widget W,Appliances,15.11,398
1024,Widget X,Gadgets,40.59,331
1025,Widget Y,Tools,25.68,118
1026,Widget Z,Gadgets,51.57,58
1027,Widget A,Tools,26.96,189
1028,Widget B,Gadgets,18.3,79
1029,Widget C,Gadgets,28.06,182
1030,Widget D,Gadgets,37.02,360
1031,Widget E,Gadgets,12.91,247
1032,Widget F,Appliances,25.78,226
1033,Widget G,Appliances,29.35,56
1034,Widget H,Gadgets,15.06,86
1035,Widget I,Gadgets,19.04,348
1036,Widget J,Gadgets,24.06,250
1037,Widget K,Tools,13.78,100
1038,Widget L,,37.03,156
1039,Widget M,Appliances,14.57,189
1040,Widget N,Tools,47.38,334
1041,Widget O,Appliances,28.34,91
1042,Widget P,Tools,53.53,165
1043,Widget Q,,59.67,226
1044,Widget R,,50.69,412
1045,Widget S,,24.95,469
1046,Widget T,Tools,55.64,404
1047,Widget U,Appliances,56.76,261
1048,Widget V,Tools,17.36,111
1049,Widget W,Tools,27.99,322
1050,Widget X,Gadgets,18.79,183
1051,Widget Y,,55.62,67
1052,Widget Z,Gadgets,16.09,359
1053,Widget A,,41.42,171
1054,Widget B,,54.7,159
1055,Widget C,Appliances,46.36,358
1056,Widget D,Gadgets,,192
1057,Widget E,Gadgets,24.95,387
1058,Widget F,Appliances,54.5,256
1059,Widget G,Tools,57.92,378
1060,Widget H,Gadgets,31.4,472
1061,Widget I,Appliances,21.43,253
1062,Widget J,Tools,52.03,209
1063,Widget K,Appliances,14.14,53
1064,Widget L,Appliances,10.43,336
1065,Widget M,Appliances,53.54,89
1066,Widget N,Appliances,50.47,228
1067,Widget O,Appliances,54.12,445
1068,Widget P,Gadgets,59.56,312
1069,Widget Q,Tools,31.46,118
1070,Widget R,Appliances,59.48,305
1071,Widget S,,12.82,290
1072,Widget T,Appliances,14.28,197
1073,Widget U,Gadgets,53.28,65
1074,Widget V,Tools,16.92,173
1075,Widget W,Appliances,41.16,132
1076,Widget X,Gadgets,49.94,68
1077,Widget Y,Tools,47.5,331
1078,Widget Z,Appliances,42.09,128
1079,Widget A,Appliances,50.36,292
1080,Widget B,Tools,34.17,493
1081,Widget C,Appliances,40.54,183
1082,Widget D,Gadgets,59.33,301
1083,Widget E,Gadgets,51.69,269
1084,Widget F,Tools,24.38,186
1085,Widget G,Gadgets,54.0,468
1086,Widget H,Tools,50.62,342
1087,Widget I,Appliances,36.71,225
1088,Widget J,Gadgets,29.46,221
1089,Widget K,Gadgets,37.38,108
1090,Widget L,Tools,23.56,328
1091,Widget M,Gadgets,51.99,132
1092,Widget N,Tools,17.55,95
1093,Widget O,Gadgets,52.51,286
1094,Widget P,Appliances,42.5,169
1095,Widget Q,Gadgets,14.66,458
1096,Widget R,Appliances,43.71,227
1097,Widget S,Appliances,34.1,257
1098,Widget T,Gadgets,54.51,429
1099,Widget U,Appliances,41.2,188
1100,Widget V,Gadgets,52.53,153
1101,Widget W,Gadgets,16.41,369
1102,Widget X,Tools,46.87,241
1103,Widget Y,Gadgets,15.15,376
1104,Widget Z,Appliances,24.36,94
1105,Widget A,Appliances,39.37,142
1106,Widget B,Tools,18.43,355
1107,Widget C,Tools,36.23,268
1108,Widget D,Gadgets,28.43,321
1109,Widget E,Appliances,42.82,230
1110,Widget F,Gadgets,39.46,266
1111,Widget G,Gadgets,28.71,173
1112,Widget H,Tools,11.71,207
1113,Widget I,Appliances,59.08,392
1114,Widget J,Gadgets,,310
1115,Widget K,Appliances,44.94,112
1116,Widget L,Gadgets,17.34,423
1117,Widget M,Tools,30.39,94
1118,Widget N,Tools,18.99,183
1119,Widget O,Tools,39.29,446
1120,Widget P,Appliances,51.93,58
1121,Widget Q,Gadgets,28.1,121
1122,Widget R,Appliances,34.74,491
1123,Widget S,Gadgets,44.67,237
1124,Widget T,Tools,52.77,271
1125,Widget U,Gadgets,54.64,380
1126,Widget V,Tools,,329
1127,Widget W,Gadgets,11.71,95
1128,Widget X,Gadgets,55.55,98
1129,Widget Y,Tools,17.0,307
1130,Widget Z,Tools,23.1,308
1131,Widget A,Appliances,30.79,448
1132,Widget B,Appliances,24.98,112
1133,Widget C,Tools,19.06,168
1134,Widget D,,25.97,346
1135,Widget E,Gadgets,29.44,209
1136,Widget F,Appliances,10.7,165
1137,Widget G,Appliances,,389
1138,Widget H,Gadgets,24.39,244
1139,Widget I,Tools,37.21,96
1140,Widget J,Appliances,21.01,210
1141,Widget K,,10.31,211
1142,Widget L,Gadgets,54.37,276
1143,Widget M,Tools,29.19,373
1144,Widget N,Appliances,51.0,137
1145,Widget O,Tools,51.99,398
1146,Widget P,Gadgets,12.52,61
1147,Widget Q,Gadgets,55.3,452
1148,Widget R,Tools,53.1,158
1149,Widget S,Tools,23.71,132
1150,Widget T,Gadgets,39.42,439
1151,Widget U,Appliances,38.96,244
1152,Widget V,Gadgets,58.53,455
1153,Widget W,Gadgets,43.15,180
1154,Widget X,Gadgets,35.56,93
1155,Widget Y,Tools,50.34,396
1156,Widget Z,Appliances,13.59,405
1157,Widget A,Appliances,51.99,435
1158,Widget B,Tools,47.74,119
1159,Widget C,Appliances,26.06,407
1160,Widget D,Appliances,13.53,324
1161,Widget E,Appliances,40.04,188
1162,Widget F,Gadgets,47.02,250
1163,Widget G,,15.37,381
1164,Widget H,Appliances,28.35,296
1165,Widget I,Tools,15.47,429
1166,Widget J,Tools,,323
1167,Widget K,Gadgets,35.06,304
1168,Widget L,Appliances,19.02,198
1169,Widget M,Gadgets,25.98,315
1170,Widget N,Tools,21.91,293
1171,Widget O,Appliances,43.18,59
1172,Widget P,,29.13,62
1173,Widget Q,Gadgets,32.79,492
1174,Widget R,Appliances,52.52,375
1175,Widget S,Tools,59.31,341
1176,Widget T,Tools,47.34,279
1177,Widget U,Tools,57.47,345
1178,Widget V,Appliances,26.81,484
1179,Widget W,Gadgets,39.48,81
1180,Widget X,Gadgets,31.62,334
1181,Widget Y,Gadgets,13.81,183
1182,Widget Z,Tools,57.96,253
1183,Widget A,Tools,58.9,282
1184,Widget B,Appliances,39.1,323
1185,Widget C,Gadgets,,229
1186,Widget D,Appliances,39.76,86
1187,Widget E,Appliances,,60
1188,Widget F,Gadgets,46.58,103
1189,Widget G,Gadgets,25.52,224
1190,Widget H,,43.48,286
1191,Widget I,Appliances,39.64,338
1192,Widget J,Tools,14.68,306
1193,Widget K,Gadgets,52.13,486
1194,Widget L,Tools,46.17,346
1195,Widget M,Tools,41.19,427
1196,Widget N,,19.85,116
1197,Widget O,Gadgets,,223
1198,Widget P,Gadgets,,440
1199,Widget Q,Appliances,31.1,247
1200,Widget R,Gadgets,17.66,211
1201,Widget S,Appliances,33.58,113
1202,Widget T,,22.03,106
1203,Widget U,Appliances,48.66,215
1204,Widget V,Appliances,45.79,412
1205,Widget W,Appliances,59.98,460
1206,Widget X,Gadgets,46.39,78
1207,Widget Y,Gadgets,37.66,133
1208,Widget Z,,10.09,131
1209,Widget A,Gadgets,32.53,317
1210,Widget B,Tools,59.12,489
1211,Widget C,Gadgets,33.29,62
1212,Widget D,Gadgets,40.83,85
1213,Widget E,Appliances,,83
1214,Widget F,Gadgets,23.17,59
1215,Widget G,Gadgets,27.27,64
1216,Widget H,,35.5,496
1217,Widget I,Appliances,46.32,211
1218,Widget J,Gadgets,31.65,111
1219,Widget K,Tools,22.36,361
1220,Widget L,Appliances,35.89,218
1221,Widget M,,14.23,400
1222,Widget N,Appliances,16.35,169
1223,Widget O,Gadgets,45.44,246
1224,Widget P,Gadgets,18.55,423
1225,Widget Q,Appliances,10.06,367
1226,Widget R,Gadgets,58.63,286
1227,Widget S,Gadgets,15.68,256
1228,Widget T,Tools,,298
1229,Widget U,Appliances,26.35,236
1230,Widget V,Gadgets,,365
1231,Widget W,Appliances,22.67,71
1232,Widget X,Appliances,55.82,328
1233,Widget Y,Tools,58.01,323
1234,Widget Z,Tools,27.04,467
1235,Widget A,Appliances,16.72,406
1236,Widget B,Tools,41.81,194
1237,Widget C,Appliances,59.64,128
1238,Widget D,Appliances,44.21,397
1239,Widget E,Appliances,30.47,469
1240,Widget F,Gadgets,24.7,98
1241,Widget G,Gadgets,21.63,144
1242,Widget H,Gadgets,34.97,348
1243,Widget I,Tools,32.19,473
1244,Widget J,Gadgets,27.57,446
1245,Widget K,Tools,10.23,360
1246,Widget L,Tools,36.48,99
1247,Widget M,Appliances,20.77,482
1248,Widget N,Gadgets,47.99,456
1249,Widget O,Gadgets,17.32,368
1250,Widget P,Appliances,25.65,270
1251,Widget Q,Gadgets,42.64,393
1252,Widget R,Appliances,23.13,466
1253,Widget S,Gadgets,54.24,161
1254,Widget T,Appliances,52.96,257
1255,Widget U,Appliances,44.84,452
1256,Widget V,Gadgets,,359
1257,Widget W,Tools,57.17,387
1258,Widget X,Tools,13.41,228
1259,Widget Y,Gadgets,30.19,191
1260,Widget Z,Gadgets,20.5,301
1261,Widget A,Tools,44.74,423
1262,Widget B,Gadgets,31.3,99
1263,Widget C,Gadgets,44.8,488
1264,Widget D,Gadgets,37.39,283
1265,Widget E,Appliances,39.24,87
1266,Widget F,Tools,29.65,355
1267,Widget G,Appliances,15.15,399
1268,Widget H,,46.38,71
1269,Widget I,,12.53,409
1270,Widget J,Gadgets,45.66,481
1271,Widget K,Appliances,32.83,134
1272,Widget L,Appliances,45.18,383
1273,Widget M,Gadgets,34.16,228
1274,Widget N,Tools,12.57,215
1275,Widget O,Appliances,22.68,159
1276,Widget P,Appliances,49.94,476
1277,Widget Q,Tools,30.03,138
1278,Widget R,Appliances,20.05,436
1279,Widget S,Tools,21.44,482
1280,Widget T,Tools,44.54,234
1281,Widget U,Appliances,30.36,99
1282,Widget V,Appliances,38.05,460
1283,Widget W,Tools,48.85,159
1284,Widget X,Gadgets,38.61,418
1285,Widget Y,Appliances,,209
1286,Widget Z,Appliances,52.61,434
1287,Widget A,Gadgets,28.32,172
1288,Widget B,Gadgets,39.49,342
1289,Widget C,Appliances,47.57,280
1290,Widget D,Tools,33.45,397
1291,Widget E,Appliances,47.6,119
1292,Widget F,Tools,26.75,203
1293,Widget G,Tools,39.46,256
1294,Widget H,Gadgets,45.89,358
1295,Widget I,Appliances,45.1,166
1296,Widget J,Tools,32.96,402
1297,Widget K,Appliances,26.63,147
1298,Widget L,,46.09,125
1299,Widget M,Appliances,31.35,442
1300,Widget N,Tools,31.38,498
1301,Widget O,Gadgets,12.31,104
1302,Widget P,Tools,19.89,442
1303,Widget Q,Gadgets,11.13,165
1304,Widget R,,35.49,197
1305,Widget S,Appliances,13.72,334
1306,Widget T,Gadgets,,208
1307,Widget U,Gadgets,18.19,85
1308,Widget V,Tools,57.95,394
1309,Widget W,Tools,13.69,321
1310,Widget X,Gadgets,52.88,211
1311,Widget Y,Tools,48.18,109
1312,Widget Z,Gadgets,,497
1313,Widget A,Appliances,39.79,112
1314,Widget B,Appliances,15.75,273
1315,Widget C,Gadgets,12.0,356
1316,Widget D,Appliances,18.05,300
1317,Widget E,Tools,16.4,414
1318,Widget F,Tools,14.6,389
1319,Widget G,Gadgets,16.93,77
1320,Widget H,Gadgets,37.97,406
1321,Widget I,Tools,41.91,490
1322,Widget J,Gadgets,34.75,411
1323,Widget K,Gadgets,12.27,241
1324,Widget L,Appliances,43.16,461
1325,Widget M,Appliances,15.81,220
1326,Widget N,Appliances,34.86,159
1327,Widget O,Gadgets,37.83,397
1328,Widget P,Gadgets,37.08,263
1329,Widget Q,Gadgets,26.45,186
1330,Widget R,Gadgets,50.31,120
1331,Widget S,Appliances,33.51,172
1332,Widget T,Appliances,52.62,481
1333,Widget U,Appliances,48.59,79
1334,Widget V,Tools,38.73,210
1335,Widget W,Gadgets,41.06,148
1336,Widget X,Gadgets,50.91,150
1337,Widget Y,Tools,56.0,215
1338,Widget Z,Gadgets,56.32,479
1339,Widget A,Tools,55.08,158
1340,Widget B,Gadgets,29.09,397
1341,Widget C,Tools,35.67,291
1342,Widget D,Appliances,42.3,237
1343,Widget E,Tools,27.0,381
1344,Widget F,Tools,25.44,346
1345,Widget G,Appliances,59.47,186
1346,Widget H,Appliances,31.82,185
1347,Widget I,Appliances,14.95,494
1348,Widget J,Tools,16.4,203
1349,Widget K,,52.31,468
1350,Widget L,Tools,,146
1351,Widget M,Gadgets,54.93,443
1352,Widget N,Gadgets,37.51,498
1353,Widget O,Tools,10.29,312
1354,Widget P,,41.34,113
1355,Widget Q,Appliances,43.54,145
1356,Widget R,Gadgets,59.37,59
1357,Widget S,Tools,52.76,470
1358,Widget T,Appliances,51.19,437
1359,Widget U,Gadgets,52.87,145
1360,Widget V,Tools,20.44,489
1361,Widget W,Tools,28.92,158
1362,Widget X,Gadgets,32.24,164
1363,Widget Y,Tools,34.57,330
1364,Widget Z,Appliances,25.66,132
1365,Widget A,Appliances,55.61,316
1366,Widget B,Gadgets,33.19,142
1367,Widget C,Appliances,33.35,439
1368,Widget D,Tools,51.72,330
1369,Widget E,Appliances,33.28,352
1370,Widget F,Tools,53.12,168
1371,Widget G,Appliances,41.84,431
1372,Widget H,Appliances,53.38,476
1373,Widget I,Tools,36.68,115
1374,Widget J,Tools,51.2,314
1375,Widget K,Tools,47.49,87
1376,Widget L,Tools,51.13,254
1377,Widget M,Appliances,19.02,101
1378,Widget N,Tools,33.07,95
1379,Widget O,Gadgets,21.05,73
1380,Widget P,Gadgets,48.53,187
1381,Widget Q,Tools,18.63,443
1382,Widget R,Gadgets,24.65,82
1383,Widget S,Appliances,32.97,269
1384,Widget T,Gadgets,47.98,216
1385,Widget U,,51.99,151
1386,Widget V,Tools,19.08,304
1387,Widget W,Appliances,33.44,241
1388,Widget X,,38.67,110
1389,Widget Y,Appliances,40.18,91
1390,Widget Z,Tools,17.16,351
1391,Widget A,,21.87,463
1392,Widget B,Appliances,11.97,185
1393,Widget C,Tools,45.38,269
1394,Widget D,Tools,57.88,105
1395,Widget E,Tools,18.81,116
1396,Widget F,Gadgets,33.98,72
1397,Widget G,Appliances,40.16,395
1398,Widget H,Gadgets,52.3,499
1399,Widget I,Appliances,19.97,340
1400,Widget J,Appliances,,350
1401,Widget K,Appliances,43.34,122
1402,Widget L,Gadgets,16.65,410
1403,Widget M,Appliances,12.19,369
1404,Widget N,Appliances,21.33,154
1405,Widget O,Tools,18.06,110
1406,Widget P,Gadgets,36.56,379
1407,Widget Q,Tools,34.86,356
1408,Widget R,Gadgets,19.96,490
1409,Widget S,Tools,59.74,224
1410,Widget T,Gadgets,10.81,114
1411,Widget U,Gadgets,12.69,250
1412,Widget V,Appliances,46.03,323
1413,Widget W,Appliances,15.72,68
1414,Widget X,Gadgets,47.28,408
1415,Widget Y,Gadgets,10.92,176
1416,Widget Z,Gadgets,32.72,337
1417,Widget A,Gadgets,35.64,346
1418,Widget B,,48.85,473
1419,Widget C,Tools,23.85,136
1420,Widget D,Tools,45.99,368
1421,Widget E,Gadgets,33.83,221
1422,Widget F,Tools,,403
1423,Widget G,,,367
1424,Widget H,Appliances,20.21,490
1425,Widget I,Gadgets,45.04,390
1426,Widget J,Appliances,53.51,414
1427,Widget K,Gadgets,20.14,405
1428,Widget L,,,424
1429,Widget M,Appliances,28.66,228
1430,Widget N,Tools,,126
1431,Widget O,Gadgets,,131
1432,Widget P,Gadgets,39.82,160
1433,Widget Q,Gadgets,22.19,425
1434,Widget R,Tools,21.87,93
1435,Widget S,Appliances,45.52,442
1436,Widget T,Appliances,19.21,105
1437,Widget U,Tools,49.92,92
1438,Widget V,Gadgets,41.49,372
1439,Widget W,,35.27,157
1440,Widget X,Gadgets,35.56,360
1441,Widget Y,Tools,43.92,141
1442,Widget Z,Appliances,56.97,92
1443,Widget A,Appliances,45.37,453
1444,Widget B,Appliances,40.54,321
1445,Widget C,Gadgets,12.11,326
1446,Widget D,Gadgets,26.22,480
1447,Widget E,Tools,52.23,113
1448,Widget F,Tools,,197
1449,Widget G,Appliances,42.63,266
1450,Widget H,Gadgets,27.97,241
1451,Widget I,Tools,31.96,237
1452,Widget J,Gadgets,31.46,200
1453,Widget K,Gadgets,44.15,457
1454,Widget L,Appliances,28.86,487
1455,Widget M,Appliances,30.31,84
1456,Widget N,Gadgets,59.69,122
1457,Widget O,Gadgets,12.47,263
1458,Widget P,Tools,40.63,150
1459,Widget Q,Tools,10.76,435
1460,Widget R,Tools,19.68,206
1461,Widget S,Tools,59.53,290
1462,Widget T,Appliances,17.43,404
1463,Widget U,Tools,27.85,260
1464,Widget V,,17.84,165
1465,Widget W,Appliances,18.4,310
1466,Widget X,Gadgets,22.96,376
1467,Widget Y,Appliances,47.74,497
1468,Widget Z,Gadgets,38.67,407
1469,Widget A,Appliances,20.56,451
1470,Widget B,Gadgets,56.92,291
1471,Widget C,Appliances,59.74,117
1472,Widget D,Gadgets,33.78,384
1473,Widget E,Gadgets,15.15,217
1474,Widget F,,47.32,353
1475,Widget G,Gadgets,57.04,92
1476,Widget H,Gadgets,26.82,248
1477,Widget I,Tools,53.25,159
1478,Widget J,Appliances,57.35,123
1479,Widget K,Appliances,13.84,246
1480,Widget L,Tools,41.23,167
1481,Widget M,Tools,48.93,130
1482,Widget N,Gadgets,24.42,70
1483,Widget O,Gadgets,56.29,180
1484,Widget P,Appliances,35.33,275
1485,Widget Q,Tools,48.36,76
1486,Widget R,Appliances,11.79,344
1487,Widget S,Appliances,14.02,249
1488,Widget T,Gadgets,10.11,53
1489,Widget U,Gadgets,16.76,220
1490,Widget V,Appliances,19.1,246
1491,Widget W,,54.8,118
1492,Widget X,Tools,58.38,177
1493,Widget Y,Tools,39.25,477
1494,Widget Z,Gadgets,36.09,239
1495,Widget A,Gadgets,24.09,294
1496,Widget B,Gadgets,26.96,496
1497,Widget C,Gadgets,19.95,432
1498,Widget D,Appliances,17.52,66
1499,Widget E,Tools,21.09,426
1500,Widget F,Appliances,17.47,473
1501,Widget G,Gadgets,49.2,386
1502,Widget H,Gadgets,26.64,493
1503,Widget I,Appliances,10.24,127
1504,Widget J,Appliances,47.58,187
1505,Widget K,Tools,28.97,448
1506,Widget L,Tools,39.29,277
1507,Widget M,Gadgets,32.98,180
1508,Widget N,Appliances,55.24,290
1509,Widget O,Tools,26.32,154
1510,Widget P,Tools,55.78,424
1511,Widget Q,Tools,14.6,87
1512,Widget R,Appliances,11.63,379
1513,Widget S,Appliances,31.71,102
1514,Widget T,Appliances,59.0,242
1515,Widget U,Gadgets,53.21,131
1516,Widget V,Appliances,53.87,140
1517,Widget W,Gadgets,,310
1518,Widget X,Gadgets,21.67,306
1519,Widget Y,Appliances,23.62,424
1520,Widget Z,Gadgets,29.97,435
1521,Widget A,Gadgets,23.86,306
1522,Widget B,Tools,29.6,310
1523,Widget C,Appliances,33.92,481
1524,Widget D,Appliances,32.26,375
1525,Widget E,Tools,43.17,287
1526,Widget F,Tools,30.61,340
1527,Widget G,Tools,23.47,289
1528,Widget H,Tools,23.63,177
1529,Widget I,Appliances,40.8,144
1530,Widget J,Appliances,51.45,169
1531,Widget K,Appliances,58.63,369
1532,Widget L,Appliances,40.41,468
1533,Widget M,Tools,55.6,160
1534,Widget N,Gadgets,27.6,126
1535,Widget O,Gadgets,41.9,448
1536,Widget P,Appliances,31.61,158
1537,Widget Q,Appliances,43.1,269
1538,Widget R,Gadgets,50.47,120
1539,Widget S,Tools,52.89,199
1540,Widget T,Appliances,25.98,105
1541,Widget U,Appliances,51.45,395
1542,Widget V,,42.7,145
1543,Widget W,Tools,36.55,389
1544,Widget X,Gadgets,58.51,493
1545,Widget Y,Gadgets,11.66,467
1546,Widget Z,Gadgets,48.62,51
1547,Widget A,Gadgets,31.16,462
1548,Widget B,Tools,52.53,77
1549,Widget C,Gadgets,46.78,140
1550,Widget D,Tools,18.07,378
1551,Widget E,Tools,23.36,364
1552,Widget F,Gadgets,23.99,257
1553,Widget G,Gadgets,51.08,305
1554,Widget H,Appliances,14.39,103
1555,Widget I,,31.13,94
1556,Widget J,Appliances,22.95,70
1557,Widget K,Tools,43.02,226
1558,Widget L,,21.67,392
1559,Widget M,Appliances,12.97,269
1560,Widget N,Gadgets,,334
1561,Widget O,Gadgets,36.22,128
1562,Widget P,Tools,48.44,419
1563,Widget Q,Appliances,39.84,208
1564,Widget R,Appliances,46.9,296
1565,Widget S,Tools,45.99,424
1566,Widget T,Appliances,15.98,406
1567,Widget U,Tools,34.89,289
1568,Widget V,Gadgets,34.63,102
1569,Widget W,Gadgets,48.25,189
1570,Widget X,Gadgets,53.89,195
1571,Widget Y,Appliances,55.92,346
1572,Widget Z,Appliances,,255
1573,Widget A,Appliances,27.44,185
1574,Widget B,Tools,51.71,258
1575,Widget C,Tools,14.79,455
1576,Widget D,Appliances,40.99,410
1577,Widget E,Appliances,43.52,405
1578,Widget F,Gadgets,47.14,393
1579,Widget G,Appliances,17.6,69
1580,Widget H,Gadgets,18.19,383
1581,Widget I,Appliances,17.87,212
1582,Widget J,Appliances,30.21,60
1583,Widget K,Tools,14.07,262
1584,Widget L,Appliances,29.73,449
1585,Widget M,Tools,20.98,114
1586,Widget N,Gadgets,36.17,370
1587,Widget O,Gadgets,13.96,324
1588,Widget P,Gadgets,10.28,144
1589,Widget Q,Appliances,24.93,478
1590,Widget R,Appliances,41.86,265
1591,Widget S,Appliances,45.98,246
1592,Widget T,Tools,55.48,392
1593,Widget U,Appliances,20.96,387
1594,Widget V,Gadgets,48.32,266
1595,Widget W,Gadgets,16.94,305
1596,Widget X,Appliances,47.0,159
1597,Widget Y,Appliances,21.13,390
1598,Widget Z,Tools,57.29,290
1599,Widget A,Tools,25.4,425
1600,Widget B,Gadgets,47.04,453
1601,Widget C,Tools,42.95,123
1602,Widget D,Gadgets,59.13,424
1603,Widget E,Tools,35.24,248
1604,Widget F,,19.18,355
1605,Widget G,Gadgets,50.48,387
1606,Widget H,Gadgets,,103
1607,Widget I,Gadgets,21.64,205
1608,Widget J,Appliances,18.59,336
1609,Widget K,Tools,32.37,424
1610,Widget L,Tools,51.26,440
1611,Widget M,Appliances,53.33,111
1612,Widget N,Gadgets,27.48,478
1613,Widget O,Tools,28.05,248
1614,Widget P,Tools,22.41,450
1615,Widget Q,Tools,10.96,473
1616,Widget R,Appliances,20.59,86
1617,Widget S,Gadgets,21.37,446
1618,Widget T,Gadgets,57.01,96
1619,Widget U,Gadgets,36.08,215
1620,Widget V,Appliances,41.89,339
1621,Widget W,Tools,,340
1622,Widget X,Appliances,20.42,387
1623,Widget Y,Gadgets,30.97,354
1624,Widget Z,Appliances,34.87,258
1625,Widget A,Appliances,,190
1626,Widget B,Tools,32.24,86
1627,Widget C,Tools,21.71,170
1628,Widget D,Gadgets,38.61,386
1629,Widget E,Gadgets,12.81,410
1630,Widget F,Appliances,57.68,390
1631,Widget G,Tools,54.43,435
1632,Widget H,Gadgets,34.59,223
1633,Widget I,Appliances,39.45,189
1634,Widget J,Tools,22.86,200
1635,Widget K,Appliances,47.47,116
1636,Widget L,Tools,21.55,370
1637,Widget M,Tools,40.39,325
1638,Widget N,Tools,32.14,189
1639,Widget O,Tools,19.37,157
1640,Widget P,Gadgets,10.24,129
1641,Widget Q,Gadgets,10.56,243
1642,Widget R,Appliances,32.88,192
1643,Widget S,Gadgets,50.19,361
1644,Widget T,Tools,41.96,196
1645,Widget U,Gadgets,16.78,220
1646,Widget V,Gadgets,32.78,55
1647,Widget W,Tools,19.59,256
1648,Widget X,Gadgets,16.19,432
1649,Widget Y,Appliances,50.53,100
1650,Widget Z,Gadgets,15.45,91
1651,Widget A,Gadgets,41.63,93
1652,Widget B,Tools,45.21,269
1653,Widget C,Tools,18.21,419
1654,Widget D,Tools,56.07,70
1655,Widget E,,13.15,194
1656,Widget F,,23.22,350
1657,Widget G,Gadgets,50.09,491
1658,Widget H,Appliances,48.83,267
1659,Widget I,Tools,10.62,129
1660,Widget J,Tools,19.3,440
1661,Widget K,Appliances,50.87,479
1662,Widget L,Gadgets,50.88,80
1663,Widget M,Appliances,37.71,216
1664,Widget N,Gadgets,35.74,261
1665,Widget O,Tools,49.29,158
1666,Widget P,Appliances,12.52,106
1667,Widget Q,Gadgets,22.33,272
1668,Widget R,Tools,54.62,309
1669,Widget S,Tools,11.32,273
1670,Widget T,Appliances,10.27,453
1671,Widget U,Gadgets,25.33,414
1672,Widget V,Tools,52.03,485
1673,Widget W,Appliances,35.83,232
1674,Widget X,Appliances,49.32,283
1675,Widget Y,,18.86,484
1676,Widget Z,Tools,13.59,161
1677,Widget A,Appliances,52.65,454
1678,Widget B,Appliances,20.21,156
1679,Widget C,Gadgets,28.25,341
1680,Widget D,Tools,38.64,204
1681,Widget E,Gadgets,36.87,111
1682,Widget F,Gadgets,34.73,393
1683,Widget G,Tools,12.41,110
1684,Widget H,Gadgets,28.56,203
1685,Widget I,Appliances,13.99,224
1686,Widget J,Appliances,52.51,438
1687,Widget K,Gadgets,48.95,476
1688,Widget L,Tools,50.14,321
1689,Widget M,Appliances,16.72,268
1690,Widget N,Appliances,58.86,246
1691,Widget O,Gadgets,51.13,267
1692,Widget P,Tools,33.71,176
1693,Widget Q,Appliances,34.58,482
1694,Widget R,Appliances,46.67,400
1695,Widget S,Gadgets,50.84,290
1696,Widget T,Tools,31.13,250
1697,Widget U,Gadgets,28.18,433
1698,Widget V,Tools,,181
1699,Widget W,Appliances,58.42,116
1700,Widget X,Gadgets,20.23,132
1701,Widget Y,Appliances,31.38,192
1702,Widget Z,Gadgets,18.88,140
1703,Widget A,Appliances,49.28,217
1704,Widget B,Gadgets,,438
1705,Widget C,Tools,43.54,379
1706,Widget D,Tools,41.06,444
1707,Widget E,Appliances,12.63,475
1708,Widget F,Gadgets,32.45,179
1709,Widget G,Appliances,23.98,401
1710,Widget H,Tools,46.41,118
1711,Widget I,Gadgets,38.59,153
1712,Widget J,Appliances,13.05,495
1713,Widget K,Tools,59.0,406
1714,Widget L,Gadgets,42.91,404
1715,Widget M,Gadgets,21.46,354
1716,Widget N,Tools,38.14,474
1717,Widget O,Appliances,49.96,373
1718,Widget P,Tools,59.54,312
1719,Widget Q,Appliances,30.45,341
1720,Widget R,Tools,38.35,263
1721,Widget S,Appliances,41.08,443
1722,Widget T,Gadgets,45.04,50
1723,Widget U,Appliances,51.87,416
1724,Widget V,Gadgets,31.26,57
1725,Widget W,Gadgets,51.1,98
1726,Widget X,Appliances,26.53,269
1727,Widget Y,Appliances,21.73,283
1728,Widget Z,Appliances,,293
1729,Widget A,Appliances,33.79,168
1730,Widget B,Gadgets,56.64,120
1731,Widget C,Gadgets,44.33,369
1732,Widget D,Appliances,35.29,216
1733,Widget E,Appliances,29.36,194
1734,Widget F,Tools,16.77,191
1735,Widget G,Gadgets,33.31,352
1736,Widget H,Gadgets,48.19,224
1737,Widget I,Gadgets,41.7,264
1738,Widget J,Appliances,32.45,220
1739,Widget K,Appliances,41.12,492
1740,Widget L,Gadgets,30.17,138
1741,Widget M,Tools,18.82,475
1742,Widget N,Gadgets,28.0,225
1743,Widget O,Appliances,57.56,241
1744,Widget P,Tools,59.91,201
1745,Widget Q,Gadgets,24.62,102
1746,Widget R,Tools,21.64,462
1747,Widget S,Gadgets,50.07,469
1748,Widget T,Gadgets,53.03,102
1749,Widget U,Gadgets,48.41,214
1750,Widget V,Appliances,45.63,456
1751,Widget W,Gadgets,52.89,485
1752,Widget X,Gadgets,28.41,494
1753,Widget Y,Gadgets,30.81,204
1754,Widget Z,Tools,44.19,490
1755,Widget A,Tools,,177
1756,Widget B,Tools,53.37,87
1757,Widget C,Tools,48.31,195
1758,Widget D,Tools,32.26,55
1759,Widget E,Appliances,47.08,429
1760,Widget F,Gadgets,47.25,449
1761,Widget G,,27.24,289
1762,Widget H,Tools,36.59,446
1763,Widget I,Tools,35.7,367
1764,Widget J,,19.65,400
1765,Widget K,Gadgets,12.28,144
1766,Widget L,Tools,14.69,437
1767,Widget M,Tools,37.63,476
1768,Widget N,Tools,12.14,75
1769,Widget O,Tools,,453
1770,Widget P,Tools,12.47,275
1771,Widget Q,Gadgets,21.56,256
1772,Widget R,Tools,16.92,116
1773,Widget S,Gadgets,49.67,469
1774,Widget T,Gadgets,59.88,366
1775,Widget U,Appliances,21.05,235
1776,Widget V,Gadgets,56.69,394
1777,Widget W,,28.74,74
1778,Widget X,Gadgets,58.18,314
1779,Widget Y,Appliances,17.14,331
1780,Widget Z,Gadgets,16.84,382
1781,Widget A,Gadgets,18.8,318
1782,Widget B,Appliances,33.92,162
1783,Widget C,Gadgets,41.94,129
1784,Widget D,Appliances,,302
1785,Widget E,Tools,30.26,370
1786,Widget F,Appliances,51.27,311
1787,Widget G,,24.53,221
1788,Widget H,Tools,44.02,174
1789,Widget I,Gadgets,26.08,195
1790,Widget J,Gadgets,21.77,474
1791,Widget K,Gadgets,28.03,179
1792,Widget L,Gadgets,46.22,480
1793,Widget M,Gadgets,58.69,491
1794,Widget N,Gadgets,50.39,426
1795,Widget O,Tools,,296
1796,Widget P,Gadgets,35.94,316
1797,Widget Q,Tools,39.59,460
1798,Widget R,Appliances,44.13,357
1799,Widget S,Appliances,48.52,419
1800,Widget T,Appliances,26.78,398
1801,Widget U,Tools,17.47,453
1802,Widget V,Gadgets,23.45,199
1803,Widget W,Tools,25.98,380
1804,Widget X,Tools,39.55,434
1805,Widget Y,Gadgets,39.1,150
1806,Widget Z,Appliances,21.15,358
1807,Widget A,Gadgets,51.42,296
1808,Widget B,Tools,,456
1809,Widget C,Tools,32.4,122
1810,Widget D,,17.69,69
1811,Widget E,Gadgets,31.22,206
1812,Widget F,Gadgets,49.41,99
1813,Widget G,Gadgets,33.48,483
1814,Widget H,Gadgets,53.24,256
1815,Widget I,Gadgets,48.38,146
1816,Widget J,Appliances,40.19,305
1817,Widget K,Tools,10.62,98
1818,Widget L,Gadgets,46.31,347
1819,Widget M,Tools,34.22,454
1820,Widget N,Appliances,51.11,499
1821,Widget O,Gadgets,30.83,382
1822,Widget P,Appliances,43.17,156
1823,Widget Q,Appliances,38.65,361
1824,Widget R,Tools,34.87,473
1825,Widget S,Gadgets,26.57,409
1826,Widget T,Tools,39.24,345
1827,Widget U,Tools,22.5,319
1828,Widget V,Appliances,29.5,376
1829,Widget W,Gadgets,12.98,448
1830,Widget X,Appliances,28.3,482
1831,Widget Y,Tools,16.83,110
1832,Widget Z,Appliances,30.48,133
1833,Widget A,Gadgets,36.97,428
1834,Widget B,Tools,50.1,309
1835,Widget C,Tools,50.74,329
1836,Widget D,Appliances,20.81,226
1837,Widget E,Gadgets,19.49,299
1838,Widget F,Tools,47.35,185
1839,Widget G,Appliances,29.37,318
1840,Widget H,Appliances,37.48,151
1841,Widget I,Appliances,47.64,255
1842,Widget J,Gadgets,27.26,55
1843,Widget K,Appliances,33.5,230
1844,Widget L,Gadgets,21.59,199
1845,Widget M,Tools,27.48,306
1846,Widget N,,52.29,466
1847,Widget O,Appliances,57.68,247
1848,Widget P,Appliances,17.19,286
1849,Widget Q,Gadgets,45.58,207
1850,Widget R,Tools,53.81,110
1851,Widget S,Tools,49.18,306
1852,Widget T,,16.45,138
1853,Widget U,Appliances,22.97,495
1854,Widget V,Gadgets,46.91,301
1855,Widget W,Gadgets,45.84,278
1856,Widget X,Gadgets,26.27,290
1857,Widget Y,Gadgets,33.45,189
1858,Widget Z,Appliances,49.53,387
1859,Widget A,Gadgets,32.18,112
1860,Widget B,Gadgets,33.95,213
1861,Widget C,Tools,55.29,78
1862,Widget D,Gadgets,53.07,143
1863,Widget E,Appliances,20.0,295
1864,Widget F,Appliances,29.29,491
1865,Widget G,Appliances,38.56,447
1866,Widget H,Gadgets,21.84,147
1867,Widget I,Appliances,22.77,405
1868,Widget J,Gadgets,16.8,421
1869,Widget K,Tools,15.26,416
1870,Widget L,Gadgets,44.39,448
1871,Widget M,Appliances,52.96,271
1872,Widget N,Appliances,17.59,328
1873,Widget O,Appliances,11.21,495
1874,Widget P,Appliances,49.63,176
1875,Widget Q,Gadgets,15.72,227
1876,Widget R,Appliances,34.84,166
1877,Widget S,Gadgets,11.52,380
1878,Widget T,Tools,45.41,236
1879,Widget U,Gadgets,40.69,110
1880,Widget V,Appliances,40.03,100
1881,Widget W,Appliances,26.03,129
1882,Widget X,Tools,33.38,327
1883,Widget Y,Tools,36.4,488
1884,Widget Z,Appliances,24.11,383
1885,Widget A,Tools,40.51,221
1886,Widget B,Tools,57.88,131
1887,Widget C,Appliances,24.62,236
1888,Widget D,Appliances,43.75,262
1889,Widget E,Gadgets,44.29,320
1890,Widget F,Tools,47.78,161
1891,Widget G,Appliances,33.62,215
1892,Widget H,Gadgets,54.61,395
1893,Widget I,Gadgets,48.26,225
1894,Widget J,Appliances,12.13,314
1895,Widget K,Appliances,49.03,268
1896,Widget L,Tools,26.72,375
1897,Widget M,Gadgets,44.88,372
1898,Widget N,Gadgets,22.84,80
1899,Widget O,Tools,14.26,437
1900,Widget P,Tools,40.24,184
1901,Widget Q,Gadgets,33.84,155
1902,Widget R,Tools,14.13,406
1903,Widget S,Gadgets,47.25,204
1904,Widget T,Gadgets,49.03,366
1905,Widget U,,59.54,497
1906,Widget V,Tools,48.69,273
1907,Widget W,Gadgets,24.51,332
1908,Widget X,Appliances,56.38,394
1909,Widget Y,Appliances,29.84,192
1910,Widget Z,Tools,20.73,220
1911,Widget A,Tools,11.13,389
1912,Widget B,Gadgets,15.03,59
1913,Widget C,Appliances,25.73,391
1914,Widget D,Gadgets,52.09,121
1915,Widget E,Gadgets,46.89,494
1916,Widget F,Appliances,25.12,283
1917,Widget G,Tools,32.25,51
1918,Widget H,Tools,29.42,125
1919,Widget I,Gadgets,11.18,383
1920,Widget J,Gadgets,59.63,240
1921,Widget K,Gadgets,57.14,84
1922,Widget L,Appliances,21.46,270
1923,Widget M,Tools,14.57,461
1924,Widget N,Gadgets,56.56,395
1925,Widget O,Tools,29.73,166
1926,Widget P,Appliances,14.79,474
1927,Widget Q,Tools,52.91,256
1928,Widget R,Tools,,320
1929,Widget S,Tools,28.64,456
1930,Widget T,Tools,29.71,237
1931,Widget U,Appliances,17.34,447
1932,Widget V,Appliances,21.73,115
1933,Widget W,Tools,20.48,269
1934,Widget X,Appliances,45.02,346
1935,Widget Y,Gadgets,14.36,249
1936,Widget Z,Appliances,47.15,56
1937,Widget A,Tools,13.53,336
1938,Widget B,Gadgets,22.75,482
1939,Widget C,Appliances,22.93,288
1940,Widget D,Tools,51.48,453
1941,Widget E,Appliances,42.03,253
1942,Widget F,Appliances,24.79,114
1943,Widget G,Appliances,28.99,266
1944,Widget H,Gadgets,19.28,173
1945,Widget I,Gadgets,49.8,367
1946,Widget J,Tools,36.81,257
1947,Widget K,Tools,43.9,434
1948,Widget L,Tools,19.14,54
1949,Widget M,Appliances,54.7,162
1950,Widget N,Gadgets,14.56,311
1951,Widget O,Gadgets,,431
1952,Widget P,Tools,,286
1953,Widget Q,Tools,51.01,378
1954,Widget R,Appliances,29.46,269
1955,Widget S,Appliances,51.01,196
1956,Widget T,Tools,46.56,339
1957,Widget U,Appliances,33.11,369
1958,Widget V,Appliances,,142
1959,Widget W,Tools,,415
1960,Widget X,Appliances,28.03,209
1961,Widget Y,Tools,,371
1962,Widget Z,Tools,49.13,285
1963,Widget A,Appliances,25.75,264
1964,Widget B,Gadgets,38.72,364
1965,Widget C,Gadgets,48.43,426
1966,Widget D,Tools,11.59,372
1967,Widget E,Gadgets,28.39,332
1968,Widget F,Tools,,412
1969,Widget G,Appliances,36.18,72
1970,Widget H,,15.96,349
1971,Widget I,Gadgets,54.8,263
1972,Widget J,Gadgets,15.75,358
1973,Widget K,Tools,11.44,384
1974,Widget L,Gadgets,42.84,176
1975,Widget M,Tools,31.1,478
1976,Widget N,Appliances,43.2,316
1977,Widget O,Tools,57.1,383
1978,Widget P,Appliances,45.5,120
1979,Widget Q,,57.51,111
1980,Widget R,Tools,29.96,270
1981,Widget S,Gadgets,53.87,376
1982,Widget T,Gadgets,53.22,344
1983,Widget U,Appliances,38.51,389
1984,Widget V,,34.98,51
1985,Widget W,Appliances,12.26,68
1986,Widget X,Gadgets,24.11,90
1987,Widget Y,Appliances,38.72,157
1988,Widget Z,Tools,42.72,499
1989,Widget A,Gadgets,35.63,103
1990,Widget B,Appliances,19.0,160
1991,Widget C,Gadgets,24.28,228
1992,Widget D,,38.63,470
1993,Widget E,Tools,15.05,394
1994,Widget F,Tools,10.18,157
1995,Widget G,Appliances,49.27,175
1996,Widget H,Gadgets,12.39,352
1997,Widget I,Appliances,17.33,311
1998,Widget J,Appliances,32.46,203
1999,Widget K,Tools,19.03,445
2000,Widget L,Tools,29.22,172
2001,Widget M,Tools,18.31,325
2002,Widget N,Appliances,48.06,74
2003,Widget O,Gadgets,26.97,344
2004,Widget P,Tools,13.59,83
2005,Widget Q,Tools,37.45,462
2006,Widget R,Appliances,31.41,238
2007,Widget S,,10.25,485
2008,Widget T,Gadgets,53.13,144
2009,Widget U,Appliances,43.65,239
2010,Widget V,Tools,32.35,472
2011,Widget W,Tools,14.81,375
2012,Widget X,Appliances,35.07,260
2013,Widget Y,Gadgets,41.62,203
2014,Widget Z,Appliances,22.11,342
2015,Widget A,Appliances,20.84,297
2016,Widget B,Tools,,139
2017,Widget C,Gadgets,53.18,445
2018,Widget D,Appliances,19.02,267
2019,Widget E,Gadgets,,421
2020,Widget F,Gadgets,37.55,270
2021,Widget G,Appliances,29.89,488
2022,Widget H,Tools,43.05,408
2023,Widget I,Tools,25.54,167
2024,Widget J,Gadgets,38.0,479
2025,Widget K,Gadgets,50.26,471
2026,Widget L,Gadgets,26.53,320
2027,Widget M,Appliances,59.58,495
2028,Widget N,Gadgets,50.05,392
2029,Widget O,Appliances,18.41,133
2030,Widget P,Gadgets,50.24,377
2031,Widget Q,Tools,58.0,144
2032,Widget R,Gadgets,25.95,413
2033,Widget S,Gadgets,30.67,401
2034,Widget T,Gadgets,24.91,489
2035,Widget U,Gadgets,21.13,491
2036,Widget V,Appliances,38.33,281
2037,Widget W,Tools,29.16,414
2038,Widget X,Tools,19.21,445
2039,Widget Y,Gadgets,35.85,60
2040,Widget Z,Appliances,27.77,495
2041,Widget A,Gadgets,36.69,378
2042,Widget B,Appliances,28.52,158
2043,Widget C,Tools,40.96,295
2044,Widget D,Tools,13.76,496
2045,Widget E,Tools,23.18,391
2046,Widget F,Tools,38.39,342
2047,Widget G,Tools,54.43,64
2048,Widget H,Gadgets,15.17,94
2049,Widget I,,42.62,437
2050,Widget J,Appliances,44.96,476
2051,Widget K,Gadgets,20.26,113
2052,Widget L,Appliances,52.91,403
2053,Widget M,Gadgets,38.35,104
2054,Widget N,Appliances,44.61,160
2055,Widget O,,53.77,141
2056,Widget P,Gadgets,33.63,429
2057,Widget Q,Tools,25.88,67
2058,Widget R,Appliances,31.93,235
2059,Widget S,Tools,39.11,260
2060,Widget T,Gadgets,36.86,444
2061,Widget U,Tools,27.14,170
2062,Widget V,Appliances,42.68,495
2063,Widget W,Appliances,48.63,471
2064,Widget X,Tools,44.96,326
2065,Widget Y,Tools,36.78,427
2066,Widget Z,Gadgets,23.18,385
2067,Widget A,Appliances,48.53,110
2068,Widget B,Tools,36.94,276
2069,Widget C,Gadgets,51.32,53
2070,Widget D,Appliances,,313
2071,Widget E,Tools,51.4,127
2072,Widget F,Tools,10.69,132
2073,Widget G,Appliances,24.78,336
2074,Widget H,Tools,54.68,261
2075,Widget I,Appliances,42.76,247
2076,Widget J,Tools,,409
2077,Widget K,Tools,41.39,230
2078,Widget L,Gadgets,22.72,384
2079,Widget M,Appliances,23.22,200
2080,Widget N,Tools,25.73,406
2081,Widget O,Tools,18.8,364
2082,Widget P,Appliances,22.62,234
2083,Widget Q,Tools,20.02,330
2084,Widget R,Tools,26.62,405
2085,Widget S,Gadgets,23.95,132
2086,Widget T,Appliances,52.55,444
2087,Widget U,Tools,11.19,274
2088,Widget V,Gadgets,53.37,481
2089,Widget W,Appliances,44.95,474
2090,Widget X,Appliances,19.85,392
2091,Widget Y,Appliances,50.6,252
2092,Widget Z,Appliances,18.27,264
2093,Widget A,Tools,25.77,312
2094,Widget B,Gadgets,20.05,116
2095,Widget C,Gadgets,48.1,294
2096,Widget D,Appliances,48.33,442
2097,Widget E,Tools,57.1,133
2098,Widget F,Tools,59.81,65
2099,Widget G,Tools,11.42,340
2100,Widget H,Tools,23.47,345
2101,Widget I,Tools,14.68,349
2102,Widget J,Gadgets,,59
2103,Widget K,Gadgets,42.84,213
2104,Widget L,Appliances,41.72,258
2105,Widget M,Gadgets,,331
2106,Widget N,Tools,25.18,467
2107,Widget O,Appliances,11.7,238
2108,Widget P,Gadgets,57.6,55
2109,Widget Q,Tools,49.0,218
2110,Widget R,,20.87,495
2111,Widget S,Appliances,38.55,255
2112,Widget T,Gadgets,22.0,97
2113,Widget U,Tools,41.12,355
2114,Widget V,Gadgets,16.79,359
2115,Widget W,Appliances,22.34,399
2116,Widget X,Appliances,15.75,100
2117,Widget Y,Tools,10.03,175
2118,Widget Z,Tools,20.49,354
2119,Widget A,Appliances,48.74,468
2120,Widget B,Tools,39.56,241
2121,Widget C,Tools,49.33,326
2122,Widget D,Tools,34.6,492
2123,Widget E,Tools,51.3,248
2124,Widget F,Tools,24.38,62
2125,Widget G,Appliances,36.1,309
2126,Widget H,Tools,37.17,81
2127,Widget I,Tools,11.13,159
2128,Widget J,Appliances,38.79,159
2129,Widget K,Tools,,332
2130,Widget L,Tools,41.38,370
2131,Widget M,Appliances,,179
2132,Widget N,Tools,25.75,256
2133,Widget O,Tools,36.99,429
2134,Widget P,Gadgets,14.31,181
2135,Widget Q,Tools,28.14,342
2136,Widget R,Gadgets,,232
2137,Widget S,Gadgets,27.07,413
2138,Widget T,Tools,49.01,247
2139,Widget U,Appliances,21.37,469
2140,Widget V,Appliances,58.96,106
2141,Widget W,,23.19,494
2142,Widget X,Gadgets,54.02,421
2143,Widget Y,Gadgets,26.75,188
2144,Widget Z,Appliances,20.01,439
2145,Widget A,Gadgets,46.45,341
2146,Widget B,Tools,47.39,156
2147,Widget C,Gadgets,33.43,418
2148,Widget D,Gadgets,50.29,212
2149,Widget E,Tools,14.87,271
2150,Widget F,Gadgets,38.81,51
2151,Widget G,Appliances,17.38,253
2152,Widget H,Tools,29.86,318
2153,Widget I,Appliances,21.48,162
2154,Widget J,Gadgets,32.35,93
2155,Widget K,Gadgets,44.31,487
2156,Widget L,Gadgets,15.36,347
2157,Widget M,Tools,51.03,360
2158,Widget N,Tools,50.3,397
2159,Widget O,Appliances,42.86,339
2160,Widget P,Appliances,54.59,129
2161,Widget Q,Appliances,30.04,175
2162,Widget R,Tools,10.76,341
2163,Widget S,Appliances,12.79,233
2164,Widget T,Gadgets,37.17,330
2165,Widget U,Appliances,10.35,481
2166,Widget V,Gadgets,15.5,220
2167,Widget W,Tools,16.01,420
2168,Widget X,Appliances,16.94,281
2169,Widget Y,Appliances,27.17,235
2170,Widget Z,Appliances,16.34,172
2171,Widget A,Tools,12.73,287
2172,Widget B,Tools,28.0,146
2173,Widget C,Tools,51.38,266
2174,Widget D,Gadgets,17.01,306
2175,Widget E,Tools,52.69,175
2176,Widget F,Appliances,51.9,297
2177,Widget G,Tools,47.42,467
2178,Widget H,Tools,31.33,277
2179,Widget I,Gadgets,53.89,457
2180,Widget J,Tools,15.67,217
2181,Widget K,Appliances,11.03,108
2182,Widget L,Appliances,40.4,443
2183,Widget M,Appliances,23.68,406
2184,Widget N,Tools,11.1,494
2185,Widget O,Appliances,58.28,246
2186,Widget P,Appliances,36.26,401
2187,Widget Q,Tools,16.93,164
2188,Widget R,Appliances,10.92,369
2189,Widget S,Tools,59.82,157
2190,Widget T,Tools,26.13,98
2191,Widget U,Gadgets,19.94,312
2192,Widget V,Gadgets,17.09,209
2193,Widget W,Tools,15.79,315
2194,Widget X,Gadgets,55.67,82
2195,Widget Y,Appliances,55.64,240
2196,Widget Z,Gadgets,25.53,286
2197,Widget A,Tools,52.37,345
2198,Widget B,Appliances,56.36,380
2199,Widget C,Gadgets,57.79,177
2200,Widget D,Tools,38.56,233
2201,Widget E,Tools,50.04,216
2202,Widget F,Gadgets,16.73,358
2203,Widget G,,43.04,397
2204,Widget H,Gadgets,18.62,212
2205,Widget I,Gadgets,32.97,464
2206,Widget J,Gadgets,27.91,267
2207,Widget K,Tools,42.82,450
2208,Widget L,Gadgets,11.28,209
2209,Widget M,Appliances,36.41,313
2210,Widget N,Gadgets,40.22,69
2211,Widget O,Tools,43.88,105
2212,Widget P,Appliances,33.52,108
2213,Widget Q,Appliances,41.9,55
2214,Widget R,,34.59,127
2215,Widget S,Tools,33.6,78
2216,Widget T,Gadgets,11.04,120
2217,Widget U,Appliances,32.68,86
2218,Widget V,Gadgets,16.61,350
2219,Widget W,Gadgets,48.56,147
2220,Widget X,Gadgets,49.65,166
2221,Widget Y,Appliances,20.55,103
2222,Widget Z,Appliances,55.8,431
2223,Widget A,Tools,50.41,218
2224,Widget B,Tools,,476
2225,Widget C,Gadgets,11.29,480
2226,Widget D,Gadgets,41.43,58
2227,Widget E,Gadgets,49.07,51
2228,Widget F,,18.52,138
2229,Widget G,Appliances,15.84,110
2230,Widget H,Appliances,18.03,244
2231,Widget I,Gadgets,45.45,125
2232,Widget J,Tools,34.1,118
2233,Widget K,Appliances,22.49,398
2234,Widget L,Tools,17.98,279
2235,Widget M,Appliances,28.48,329
2236,Widget N,Gadgets,20.48,155
2237,Widget O,Appliances,37.22,161
2238,Widget P,Tools,51.97,400
2239,Widget Q,Gadgets,10.05,292
2240,Widget R,Tools,12.58,177
2241,Widget S,Tools,14.71,468
2242,Widget T,Gadgets,32.62,300
2243,Widget U,,32.2,441
2244,Widget V,,,293
2245,Widget W,Appliances,16.05,134
2246,Widget X,Tools,37.25,134
2247,Widget Y,Gadgets,23.82,135
2248,Widget Z,Gadgets,12.61,175
2249,Widget A,Tools,54.74,344
2250,Widget B,Tools,37.4,291
2251,Widget C,Tools,29.33,115
2252,Widget D,Gadgets,28.09,444
2253,Widget E,Gadgets,,67
2254,Widget F,Gadgets,58.27,482
2255,Widget G,Tools,42.87,388
2256,Widget H,Appliances,56.28,78
2257,Widget I,Tools,56.89,71
2258,Widget J,Gadgets,59.07,127
2259,Widget K,Tools,51.77,249
2260,Widget L,Tools,13.9,298
2261,Widget M,Appliances,43.43,220
2262,Widget N,Tools,34.86,252
2263,Widget O,Appliances,58.29,496
2264,Widget P,Appliances,15.92,309
2265,Widget Q,Gadgets,59.26,94
2266,Widget R,Gadgets,44.09,490
2267,Widget S,Appliances,30.31,121
2268,Widget T,Tools,20.37,456
2269,Widget U,Gadgets,27.33,108
2270,Widget V,Tools,23.05,194
2271,Widget W,Tools,45.63,292
2272,Widget X,Tools,31.71,491
2273,Widget Y,Tools,56.5,95
2274,Widget Z,Tools,15.83,419
2275,Widget A,Tools,37.21,148
2276,Widget B,Tools,11.61,291
2277,Widget C,Gadgets,41.28,404
2278,Widget D,Tools,35.78,480
2279,Widget E,Appliances,40.34,417
2280,Widget F,Tools,17.25,79
2281,Widget G,Appliances,10.99,79
2282,Widget H,Appliances,19.63,368
2283,Widget I,Gadgets,20.09,413
2284,Widget J,Gadgets,23.46,223
2285,Widget K,Gadgets,48.27,485
2286,Widget L,Tools,20.47,136
2287,Widget M,Tools,56.3,166
2288,Widget N,Gadgets,,152
2289,Widget O,Appliances,32.1,421
2290,Widget P,Tools,31.9,381
2291,Widget Q,Tools,22.0,186
2292,Widget R,Appliances,39.21,275
2293,Widget S,Tools,54.37,352
2294,Widget T,Gadgets,14.51,329
2295,Widget U,Appliances,17.95,324
2296,Widget V,Tools,19.06,323
2297,Widget W,Gadgets,12.96,231
2298,Widget X,Gadgets,20.51,129
2299,Widget Y,Gadgets,22.79,190
2300,Widget Z,Tools,17.57,169
2301,Widget A,Gadgets,12.1,136
2302,Widget B,Appliances,36.35,291
2303,Widget C,Gadgets,30.19,487
2304,Widget D,,12.36,116
2305,Widget E,Tools,41.84,319
2306,Widget F,,29.52,497
2307,Widget G,Gadgets,34.17,287
2308,Widget H,Gadgets,14.47,115
2309,Widget I,Appliances,45.39,230
2310,Widget J,Tools,42.81,114
2311,Widget K,Gadgets,25.63,329
2312,Widget L,Tools,27.02,273
2313,Widget M,Gadgets,18.88,337
2314,Widget N,Tools,39.52,364
2315,Widget O,Appliances,49.44,169
2316,Widget P,Gadgets,15.22,70
2317,Widget Q,Appliances,50.37,134
2318,Widget R,Gadgets,59.65,428
2319,Widget S,Tools,26.26,343
2320,Widget T,Appliances,22.31,177
2321,Widget U,Tools,33.14,285
2322,Widget V,Tools,20.48,360
2323,Widget W,Appliances,19.5,382
2324,Widget X,Tools,49.12,242
2325,Widget Y,Tools,46.66,155
2326,Widget Z,Appliances,11.75,178
2327,Widget A,,50.41,387
2328,Widget B,Gadgets,17.04,93
2329,Widget C,Tools,19.7,190
2330,Widget D,Appliances,28.81,72
2331,Widget E,Tools,30.21,419
2332,Widget F,Tools,13.49,180
2333,Widget G,Tools,20.26,496
2334,Widget H,Appliances,21.22,205
2335,Widget I,Gadgets,46.84,446
2336,Widget J,Gadgets,15.73,382
2337,Widget K,Appliances,34.67,344
2338,Widget L,Appliances,21.08,164
2339,Widget M,Appliances,37.2,106
2340,Widget N,Gadgets,24.36,302
2341,Widget O,Tools,10.86,355
2342,Widget P,,11.81,361
2343,Widget Q,Tools,34.27,417
2344,Widget R,Appliances,21.3,178
2345,Widget S,Gadgets,57.23,321
2346,Widget T,,31.2,99
2347,Widget U,Gadgets,33.81,223
2348,Widget V,Appliances,35.3,78
2349,Widget W,Tools,29.84,295
2350,Widget X,Tools,53.56,185
2351,Widget Y,Gadgets,20.07,304
2352,Widget Z,Tools,57.09,141
2353,Widget A,Tools,32.56,370
2354,Widget B,,52.03,366
2355,Widget C,Gadgets,34.91,149
2356,Widget D,Gadgets,36.3,496
2357,Widget E,Appliances,22.21,386
2358,Widget F,Gadgets,29.93,237
2359,Widget G,Tools,11.07,114
2360,Widget H,,59.83,498
2361,Widget I,Tools,26.63,241
2362,Widget J,Appliances,21.66,180
2363,Widget K,,25.45,241
2364,Widget L,Tools,18.2,398
2365,Widget M,Appliances,41.53,98
2366,Widget N,Tools,35.09,412
2367,Widget O,Tools,55.7,484
2368,Widget P,Gadgets,49.08,421
2369,Widget Q,Appliances,48.22,454
2370,Widget R,Gadgets,23.33,95
2371,Widget S,Appliances,35.37,335
2372,Widget T,Appliances,24.26,180
2373,Widget U,Gadgets,39.35,225
2374,Widget V,Tools,40.42,151
2375,Widget W,Appliances,57.49,238
2376,Widget X,Tools,27.06,294
2377,Widget Y,Gadgets,36.81,74
2378,Widget Z,Tools,50.0,219
2379,Widget A,Tools,55.44,336
2380,Widget B,Gadgets,39.86,446
2381,Widget C,Tools,,467
2382,Widget D,Appliances,18.34,264
2383,Widget E,,57.37,105
2384,Widget F,Appliances,59.12,150
2385,Widget G,Gadgets,43.29,89
2386,Widget H,Gadgets,59.47,442
2387,Widget I,Appliances,13.81,359
2388,Widget J,Appliances,42.54,251
2389,Widget K,Tools,29.96,453
2390,Widget L,Appliances,58.25,481
2391,Widget M,Tools,48.47,153
2392,Widget N,Gadgets,44.79,179
2393,Widget O,Gadgets,11.47,213
2394,Widget P,Gadgets,13.08,327
2395,Widget Q,Gadgets,37.65,212
2396,Widget R,Appliances,28.45,363
2397,Widget S,Tools,25.7,146
2398,Widget T,Tools,26.6,427
2399,Widget U,Tools,11.9,334
2400,Widget V,Gadgets,37.79,89
2401,Widget W,Appliances,45.81,201
2402,Widget X,Appliances,23.33,450
2403,Widget Y,Gadgets,52.02,210
2404,Widget Z,Gadgets,11.27,422
2405,Widget A,Appliances,44.47,452
2406,Widget B,Appliances,,495
2407,Widget C,Tools,58.74,357
2408,Widget D,Tools,38.53,438
2409,Widget E,Tools,49.92,453
2410,Widget F,Gadgets,39.5,415
2411,Widget G,Gadgets,,354
2412,Widget H,Tools,53.57,198
2413,Widget I,Tools,22.14,434
2414,Widget J,Appliances,27.52,63
2415,Widget K,Gadgets,28.35,468
2416,Widget L,Gadgets,53.38,199
2417,Widget M,Tools,24.07,439
2418,Widget N,Gadgets,56.29,281
2419,Widget O,Gadgets,31.65,469
2420,Widget P,Appliances,41.06,480
2421,Widget Q,Tools,18.29,404
2422,Widget R,Tools,24.5,305
2423,Widget S,Tools,27.77,260
2424,Widget T,Gadgets,21.55,133
2425,Widget U,Gadgets,19.94,303
2426,Widget V,Gadgets,26.65,429
2427,Widget W,Gadgets,10.04,224
2428,Widget X,Gadgets,46.3,203
2429,Widget Y,Appliances,15.12,472
2430,Widget Z,Gadgets,16.95,192
2431,Widget A,Tools,18.5,67
2432,Widget B,Appliances,21.13,398
2433,Widget C,Gadgets,48.41,295
2434,Widget D,Appliances,22.35,361
2435,Widget E,Appliances,21.34,94
2436,Widget F,Tools,53.11,263
2437,Widget G,Gadgets,25.99,299
2438,Widget H,Appliances,44.01,412
2439,Widget I,Appliances,25.25,278
2440,Widget J,Gadgets,,77
2441,Widget K,Tools,34.06,392
2442,Widget L,Tools,31.76,381
2443,Widget M,Tools,27.37,397
2444,Widget N,,21.81,270
2445,Widget O,Appliances,39.06,73
2446,Widget P,Tools,49.06,308
2447,Widget Q,Appliances,29.22,136
2448,Widget R,Gadgets,27.84,277
2449,Widget S,Appliances,50.29,238
2450,Widget T,Appliances,34.69,324
2451,Widget U,Appliances,20.44,422
2452,Widget V,Appliances,16.31,176
2453,Widget W,Tools,56.6,435
2454,Widget X,,21.04,81
2455,Widget Y,Appliances,56.1,378
2456,Widget Z,Tools,38.49,381
2457,Widget A,,48.22,377
2458,Widget B,Tools,58.2,56
2459,Widget C,Gadgets,24.68,51
2460,Widget D,Tools,26.6,362
2461,Widget E,,43.96,296
2462,Widget F,Appliances,57.7,400
2463,Widget G,Tools,45.57,300
2464,Widget H,Appliances,47.05,316
2465,Widget I,Gadgets,,166
2466,Widget J,Gadgets,58.72,355
2467,Widget K,Tools,17.0,345
2468,Widget L,Tools,22.63,321
2469,Widget M,,31.15,73
2470,Widget N,Gadgets,25.88,232
2471,Widget O,Gadgets,45.87,171
2472,Widget P,Tools,58.7,205
2473,Widget Q,Appliances,,349
2474,Widget R,Gadgets,38.07,92
2475,Widget S,Tools,23.02,476
2476,Widget T,,15.54,319
2477,Widget U,Gadgets,31.26,315
2478,Widget V,,48.26,227
2479,Widget W,Appliances,33.12,126
2480,Widget X,Gadgets,25.55,454
2481,Widget Y,Appliances,54.51,438
2482,Widget Z,Gadgets,41.45,98
2483,Widget A,Gadgets,22.43,397
2484,Widget B,Gadgets,,345
2485,Widget C,Tools,27.43,282
2486,Widget D,Gadgets,25.07,129
2487,Widget E,Gadgets,55.35,342
2488,Widget F,Appliances,14.67,298
2489,Widget G,Tools,12.2,239
2490,Widget H,Appliances,55.5,229
2491,Widget I,Gadgets,52.75,205
2492,Widget J,Tools,46.59,224
2493,Widget K,Gadgets,10.34,365
2494,Widget L,Tools,40.49,62
2495,Widget M,Appliances,39.4,180
2496,Widget N,,12.41,181
2497,Widget O,Tools,32.11,297
2498,Widget P,Tools,52.91,357
2499,Widget Q,,57.66,427
2500,Widget R,Gadgets,32.8,247
2501,Widget S,Tools,13.01,324
2502,Widget T,Appliances,47.86,457
2503,Widget U,Gadgets,48.79,146
2504,Widget V,Gadgets,50.5,393
2505,Widget W,Gadgets,36.67,221
2506,Widget X,Tools,50.72,81
2507,Widget Y,,52.34,136
2508,Widget Z,,26.61,255
2509,Widget A,Gadgets,26.16,259
2510,Widget B,Appliances,47.41,128
2511,Widget C,Gadgets,17.03,441
2512,Widget D,Tools,28.09,485
2513,Widget E,Gadgets,39.39,103
2514,Widget F,Appliances,30.42,154
2515,Widget G,Gadgets,10.19,55
2516,Widget H,Gadgets,20.59,253
2517,Widget I,Gadgets,19.83,124
2518,Widget J,Appliances,34.74,340
2519,Widget K,Tools,47.73,333
2520,Widget L,Gadgets,42.67,59
2521,Widget M,Appliances,27.02,299
2522,Widget N,Gadgets,27.01,231
2523,Widget O,Gadgets,23.16,96
2524,Widget P,Tools,28.61,113
2525,Widget Q,Gadgets,47.81,416
2526,Widget R,Gadgets,45.26,95
2527,Widget S,Appliances,31.51,277
2528,Widget T,Gadgets,53.64,459
2529,Widget U,Appliances,18.03,336
2530,Widget V,Tools,16.84,359
2531,Widget W,Tools,47.23,150
2532,Widget X,Appliances,23.14,320
2533,Widget Y,Gadgets,44.86,453
2534,Widget Z,Appliances,15.23,324
2535,Widget A,Gadgets,29.62,421
2536,Widget B,Gadgets,29.04,277
2537,Widget C,Appliances,56.3,110
2538,Widget D,Gadgets,21.39,206
2539,Widget E,Appliances,12.63,119
2540,Widget F,Appliances,23.04,129
2541,Widget G,Gadgets,41.78,395
2542,Widget H,Tools,23.43,465
2543,Widget I,Appliances,13.32,179
2544,Widget J,Appliances,10.31,187
2545,Widget K,Gadgets,19.98,401
2546,Widget L,Gadgets,12.3,50
2547,Widget M,Gadgets,16.76,470
2548,Widget N,Gadgets,37.95,163
2549,Widget O,Gadgets,32.48,195
2550,Widget P,Gadgets,,262
2551,Widget Q,Tools,32.48,355
2552,Widget R,Appliances,53.08,126
2553,Widget S,Gadgets,28.48,496
2554,Widget T,Gadgets,58.44,272
2555,Widget U,Tools,32.96,432
2556,Widget V,Appliances,47.94,393
2557,Widget W,Gadgets,53.78,338
2558,Widget X,Tools,19.61,53
2559,Widget Y,Gadgets,35.05,208
2560,Widget Z,,10.6,55
2561,Widget A,,,469
2562,Widget B,Appliances,23.08,320
2563,Widget C,Tools,,393
2564,Widget D,Gadgets,49.28,69
2565,Widget E,Gadgets,24.48,215
2566,Widget F,Gadgets,15.98,235
2567,Widget G,Gadgets,16.67,259
2568,Widget H,Appliances,18.5,278
2569,Widget I,Appliances,,81
2570,Widget J,Tools,17.8,376
2571,Widget K,Appliances,32.13,92
2572,Widget L,Tools,34.91,196
2573,Widget M,,17.14,158
2574,Widget N,Tools,34.88,315
2575,Widget O,Gadgets,17.97,348
2576,Widget P,Appliances,47.71,353
2577,Widget Q,Gadgets,16.75,157
2578,Widget R,Appliances,41.2,201
2579,Widget S,,,228
2580,Widget T,Tools,31.64,309
2581,Widget U,Tools,36.32,282
2582,Widget V,Gadgets,26.24,73
2583,Widget W,Gadgets,21.71,226
2584,Widget X,Gadgets,14.64,175
2585,Widget Y,Tools,57.67,269
2586,Widget Z,Tools,37.97,92
2587,Widget A,Appliances,24.72,225
2588,Widget B,Appliances,25.23,92
2589,Widget C,Gadgets,34.71,147
2590,Widget D,Appliances,15.32,124
2591,Widget E,Gadgets,46.75,337
2592,Widget F,,,121
2593,Widget G,Appliances,52.86,482
2594,Widget H,Appliances,35.58,370
2595,Widget I,Gadgets,14.75,96
2596,Widget J,Appliances,44.07,132
2597,Widget K,Gadgets,51.88,341
2598,Widget L,Appliances,34.12,312
2599,Widget M,Appliances,27.59,368
2600,Widget N,Appliances,51.17,293
2601,Widget O,Gadgets,39.81,467
2602,Widget P,Tools,44.52,456
2603,Widget Q,Appliances,49.83,66
2604,Widget R,,11.31,268
2605,Widget S,Gadgets,59.58,136
2606,Widget T,Tools,33.37,256
2607,Widget U,Gadgets,24.45,273
2608,Widget V,Appliances,46.85,142
2609,Widget W,Appliances,45.96,230
2610,Widget X,Appliances,54.9,316
2611,Widget Y,Gadgets,33.78,70
2612,Widget Z,Gadgets,22.13,108
2613,Widget A,Gadgets,36.68,338
2614,Widget B,Tools,22.74,393
2615,Widget C,Appliances,32.25,357
2616,Widget D,Tools,28.66,263
2617,Widget E,Gadgets,51.03,440
2618,Widget F,Tools,37.87,325
2619,Widget G,Appliances,47.61,211
2620,Widget H,Tools,28.04,285
2621,Widget I,Tools,47.96,69
2622,Widget J,Appliances,18.82,345
2623,Widget K,Gadgets,13.16,208
2624,Widget L,Gadgets,59.0,188
2625,Widget M,Gadgets,55.39,310
2626,Widget N,Tools,54.0,427
2627,Widget O,Tools,39.81,207
2628,Widget P,Gadgets,31.9,168
2629,Widget Q,Appliances,43.28,328
2630,Widget R,Tools,35.67,132
2631,Widget S,Appliances,42.02,58
2632,Widget T,Gadgets,57.79,224
2633,Widget U,Tools,45.25,250
2634,Widget V,Tools,19.66,185
2635,Widget W,Gadgets,23.48,312
2636,Widget X,Appliances,55.98,207
2637,Widget Y,Tools,,228
2638,Widget Z,Tools,28.48,496
2639,Widget A,Tools,26.0,386
2640,Widget B,Tools,42.94,285
2641,Widget C,Gadgets,58.48,335
2642,Widget D,Gadgets,14.93,354
2643,Widget E,Tools,52.38,376
2644,Widget F,Appliances,52.45,378
2645,Widget G,Tools,47.16,326
2646,Widget H,Tools,,480
2647,Widget I,Appliances,31.17,315
2648,Widget J,Tools,28.95,229
2649,Widget K,Appliances,53.08,159
2650,Widget L,Tools,,156
2651,Widget M,Appliances,37.36,234
2652,Widget N,Appliances,12.22,430
2653,Widget O,Appliances,38.28,435
2654,Widget P,Appliances,54.57,120
2655,Widget Q,Appliances,22.08,405
2656,Widget R,Tools,36.3,352
2657,Widget S,Gadgets,54.2,167
2658,Widget T,Tools,12.77,150
2659,Widget U,Tools,41.05,350
2660,Widget V,Tools,14.23,330
2661,Widget W,Tools,37.71,468
2662,Widget X,Appliances,40.28,362
2663,Widget Y,Gadgets,58.37,335
2664,Widget Z,Appliances,20.69,332
2665,Widget A,Gadgets,43.94,211
2666,Widget B,Tools,45.42,57
2667,Widget C,Tools,32.05,119
2668,Widget D,Tools,45.85,455
2669,Widget E,Gadgets,58.08,352
2670,Widget F,Tools,46.94,333
2671,Widget G,Tools,41.71,62
2672,Widget H,Tools,51.8,98
2673,Widget I,Appliances,23.84,206
2674,Widget J,Appliances,28.7,376
2675,Widget K,Gadgets,39.84,369
2676,Widget L,Appliances,14.43,193
2677,Widget M,Tools,35.93,214
2678,Widget N,Gadgets,19.51,221
2679,Widget O,Appliances,24.07,491
2680,Widget P,Gadgets,30.18,250
2681,Widget Q,Tools,38.66,321
2682,Widget R,Appliances,17.2,133
2683,Widget S,Gadgets,39.79,307
2684,Widget T,Tools,57.72,392
2685,Widget U,Tools,,362
2686,Widget V,Tools,56.55,338
2687,Widget W,Gadgets,14.61,446
2688,Widget X,Tools,41.94,455
2689,Widget Y,Appliances,25.24,424
2690,Widget Z,Appliances,27.19,137
2691,Widget A,Tools,23.76,367
2692,Widget B,Gadgets,,51
2693,Widget C,Tools,31.7,117
2694,Widget D,Tools,14.81,80
2695,Widget E,Gadgets,19.91,369
2696,Widget F,Appliances,58.57,190
2697,Widget G,Gadgets,25.79,198
2698,Widget H,Appliances,41.38,192
2699,Widget I,Appliances,40.79,418
2700,Widget J,Appliances,59.69,415
2701,Widget K,Appliances,53.0,223
2702,Widget L,Gadgets,56.72,184
2703,Widget M,Tools,31.53,371
2704,Widget N,Appliances,58.13,299
2705,Widget O,Appliances,40.48,183
2706,Widget P,Tools,10.05,142
2707,Widget Q,Tools,43.34,324
2708,Widget R,Appliances,16.6,100
2709,Widget S,Tools,29.25,159
2710,Widget T,Tools,53.95,159
2711,Widget U,Gadgets,33.88,349
2712,Widget V,Tools,55.61,182
2713,Widget W,Tools,43.74,252
2714,Widget X,Appliances,13.58,327
2715,Widget Y,Gadgets,43.36,473
2716,Widget Z,Appliances,57.37,497
2717,Widget A,,,465
2718,Widget B,Tools,21.8,363
2719,Widget C,Appliances,43.79,298
2720,Widget D,,15.28,432
2721,Widget E,Tools,44.14,178
2722,Widget F,Gadgets,35.19,268
2723,Widget G,Appliances,21.09,454
2724,Widget H,Gadgets,11.51,257
2725,Widget I,Gadgets,10.61,443
2726,Widget J,Appliances,25.12,376
2727,Widget K,Tools,48.11,153
2728,Widget L,Appliances,38.21,265
2729,Widget M,Appliances,46.0,226
2730,Widget N,Appliances,14.05,202
2731,Widget O,Tools,,192
2732,Widget P,Appliances,12.04,237
2733,Widget Q,Tools,42.14,426
2734,Widget R,Appliances,21.68,233
2735,Widget S,,35.09,222
2736,Widget T,Appliances,46.92,440
2737,Widget U,Appliances,33.56,499
2738,Widget V,Gadgets,20.65,438
2739,Widget W,,18.34,75
2740,Widget X,Tools,42.9,135
2741,Widget Y,Tools,39.17,220
2742,Widget Z,Appliances,23.64,416
2743,Widget A,Tools,29.98,160
2744,Widget B,Gadgets,54.27,63
2745,Widget C,Tools,29.62,430
2746,Widget D,Tools,32.11,95
2747,Widget E,Tools,34.66,214
2748,Widget F,Appliances,21.54,169
2749,Widget G,Appliances,15.04,348
2750,Widget H,Tools,17.63,436
2751,Widget I,Appliances,59.17,199
2752,Widget J,Appliances,47.44,191
2753,Widget K,Gadgets,58.63,154
2754,Widget L,Tools,58.33,289
2755,Widget M,Tools,22.07,113
2756,Widget N,Tools,58.07,236
2757,Widget O,Gadgets,48.58,292
2758,Widget P,Tools,20.09,114
2759,Widget Q,Tools,26.88,388
2760,Widget R,Gadgets,39.56,59
2761,Widget S,Tools,42.98,72
2762,Widget T,Appliances,53.14,253
2763,Widget U,Gadgets,44.91,142
2764,Widget V,Tools,28.29,62
2765,Widget W,Gadgets,28.5,445
2766,Widget X,Tools,45.66,186
2767,Widget Y,Tools,46.47,174
2768,Widget Z,,43.42,247
2769,Widget A,Appliances,10.08,146
2770,Widget B,Appliances,39.73,180
2771,Widget C,Gadgets,14.19,95
2772,Widget D,Appliances,52.59,397
2773,Widget E,Appliances,31.04,327
2774,Widget F,Gadgets,11.13,281
2775,Widget G,Appliances,50.4,167
2776,Widget H,,30.23,303
2777,Widget I,Tools,29.45,359
2778,Widget J,Gadgets,29.31,469
2779,Widget K,Tools,19.92,189
2780,Widget L,Tools,46.08,290
2781,Widget M,Gadgets,29.68,132
2782,Widget N,Tools,37.83,243
2783,Widget O,Appliances,50.24,436
2784,Widget P,Gadgets,19.38,433
2785,Widget Q,Gadgets,45.94,166
2786,Widget R,Tools,,499
2787,Widget S,Appliances,53.7,190
2788,Widget T,Tools,14.59,408
2789,Widget U,Gadgets,19.39,145
2790,Widget V,Gadgets,21.59,59
2791,Widget W,Tools,59.37,77
2792,Widget X,Gadgets,16.71,312
2793,Widget Y,Gadgets,21.95,196
2794,Widget Z,Gadgets,11.0,478
2795,Widget A,,48.81,339
2796,Widget B,Gadgets,26.41,434
2797,Widget C,Tools,40.28,372
2798,Widget D,Appliances,55.38,344
2799,Widget E,Appliances,39.8,486
2800,Widget F,Tools,50.33,60
2801,Widget G,Gadgets,19.01,442
2802,Widget H,Appliances,45.76,470
2803,Widget I,Tools,20.13,489
2804,Widget J,Tools,15.53,459
2805,Widget K,Tools,59.58,266
2806,Widget L,Gadgets,48.88,355
2807,Widget M,Appliances,56.8,325
2808,Widget N,Gadgets,56.48,234
2809,Widget O,Gadgets,52.74,85
2810,Widget P,Appliances,43.76,340
2811,Widget Q,Tools,28.26,402
2812,Widget R,Tools,27.73,240
2813,Widget S,Gadgets,47.93,435
2814,Widget T,Gadgets,19.13,206
2815,Widget U,Tools,18.18,433
2816,Widget V,Tools,26.72,207
2817,Widget W,Appliances,59.88,302
2818,Widget X,Appliances,34.21,80
2819,Widget Y,Tools,20.73,191
2820,Widget Z,Tools,29.81,237
2821,Widget A,Tools,36.43,440
2822,Widget B,Gadgets,50.96,52
2823,Widget C,Gadgets,20.89,319
2824,Widget D,Gadgets,41.69,241
2825,Widget E,Tools,16.28,295
2826,Widget F,Gadgets,38.71,55
2827,Widget G,Gadgets,23.83,371
2828,Widget H,Appliances,47.5,462
2829,Widget I,Appliances,31.52,305
2830,Widget J,Appliances,34.74,115
2831,Widget K,Gadgets,37.68,150
2832,Widget L,Appliances,40.36,93
2833,Widget M,Appliances,11.31,363
2834,Widget N,Gadgets,37.03,251
2835,Widget O,Tools,24.33,343
2836,Widget P,Appliances,27.21,144
2837,Widget Q,Appliances,23.23,294
2838,Widget R,,49.29,258
2839,Widget S,Tools,22.45,301
2840,Widget T,Tools,16.4,399
2841,Widget U,Gadgets,23.56,209
2842,Widget V,Appliances,36.5,334
2843,Widget W,Gadgets,47.77,388
2844,Widget X,Appliances,55.0,494
2845,Widget Y,Gadgets,,155
2846,Widget Z,Gadgets,38.89,260
2847,Widget A,Gadgets,51.29,327
2848,Widget B,Tools,41.86,124
2849,Widget C,Tools,46.24,440
2850,Widget D,Appliances,38.73,362
2851,Widget E,Gadgets,52.21,376
2852,Widget F,Tools,27.32,159
2853,Widget G,Tools,51.32,272
2854,Widget H,Gadgets,16.33,221
2855,Widget I,Tools,23.41,267
2856,Widget J,Tools,31.92,432
2857,Widget K,Appliances,19.57,406
2858,Widget L,Gadgets,44.87,270
2859,Widget M,Gadgets,56.85,275
2860,Widget N,Appliances,55.03,64
2861,Widget O,Tools,28.64,261
2862,Widget P,Tools,18.55,369
2863,Widget Q,Tools,56.87,391
2864,Widget R,Tools,37.59,421
2865,Widget S,Appliances,28.12,357
2866,Widget T,Gadgets,21.76,260
2867,Widget U,,56.01,313
2868,Widget V,Appliances,59.65,307
2869,Widget W,,55.73,200
2870,Widget X,Tools,32.14,474
2871,Widget Y,Gadgets,42.99,380
2872,Widget Z,Gadgets,23.82,81
2873,Widget A,Appliances,27.14,122
2874,Widget B,Tools,34.95,211
2875,Widget C,Gadgets,34.46,366
2876,Widget D,Gadgets,39.25,413
2877,Widget E,Gadgets,51.32,97
2878,Widget F,Gadgets,44.95,319
2879,Widget G,Tools,13.8,150
2880,Widget H,Tools,,303
2881,Widget I,Gadgets,21.99,261
2882,Widget J,Appliances,10.05,326
2883,Widget K,Tools,29.56,208
2884,Widget L,Tools,45.72,181
2885,Widget M,Gadgets,31.45,159
2886,Widget N,Gadgets,27.12,148
2887,Widget O,Appliances,34.84,318
2888,Widget P,Appliances,22.26,109
2889,Widget Q,Tools,41.93,205
2890,Widget R,Gadgets,51.49,331
2891,Widget S,Appliances,45.43,302
2892,Widget T,Tools,25.44,104
2893,Widget U,Appliances,58.05,448
2894,Widget V,Appliances,32.49,418
2895,Widget W,Tools,33.04,211
2896,Widget X,Gadgets,26.77,124
2897,Widget Y,Tools,,329
2898,Widget Z,Appliances,58.39,149
2899,Widget A,Gadgets,15.45,413
2900,Widget B,Gadgets,12.91,269
2901,Widget C,Gadgets,26.41,60
2902,Widget D,Gadgets,39.76,155
2903,Widget E,Appliances,19.12,204
2904,Widget F,Appliances,21.88,221
2905,Widget G,Gadgets,31.1,466
2906,Widget H,Appliances,18.84,52
2907,Widget I,Appliances,44.47,465
2908,Widget J,Tools,37.68,145
2909,Widget K,Tools,13.11,389
2910,Widget L,,17.66,233
2911,Widget M,Tools,52.79,255
2912,Widget N,Appliances,51.87,157
2913,Widget O,Tools,54.5,432
2914,Widget P,,52.42,190
2915,Widget Q,Tools,38.08,488
2916,Widget R,Gadgets,18.76,419
2917,Widget S,Tools,46.35,222
2918,Widget T,Gadgets,41.81,145
2919,Widget U,Tools,36.63,328
2920,Widget V,Appliances,16.89,166
2921,Widget W,Tools,10.23,323
2922,Widget X,Appliances,19.19,439
2923,Widget Y,Gadgets,36.11,447
2924,Widget Z,Gadgets,14.06,260
2925,Widget A,Tools,52.56,426
2926,Widget B,Appliances,20.76,216
2927,Widget C,Gadgets,38.15,336
2928,Widget D,Appliances,54.22,252
2929,Widget E,Appliances,41.8,110
2930,Widget F,Gadgets,42.56,135
2931,Widget G,Gadgets,30.56,275
2932,Widget H,Tools,14.2,81
2933,Widget I,Appliances,,454
2934,Widget J,Tools,32.25,176
2935,Widget K,Appliances,52.82,107
2936,Widget L,Appliances,35.27,320
2937,Widget M,Appliances,42.33,125
2938,Widget N,Gadgets,41.13,191
2939,Widget O,,35.81,96
2940,Widget P,Appliances,10.69,268
2941,Widget Q,Gadgets,56.37,116
2942,Widget R,Gadgets,24.49,301
2943,Widget S,Gadgets,13.2,320
2944,Widget T,Appliances,21.94,479
2945,Widget U,Appliances,24.22,180
2946,Widget V,Appliances,54.59,277
2947,Widget W,Tools,41.69,358
2948,Widget X,Tools,11.75,171
2949,Widget Y,Appliances,19.93,333
2950,Widget Z,Gadgets,19.14,356
2951,Widget A,Tools,48.51,382
2952,Widget B,,59.34,425
2953,Widget C,Gadgets,45.73,187
2954,Widget D,Tools,10.47,468
2955,Widget E,Appliances,35.63,124
2956,Widget F,Gadgets,47.51,450
2957,Widget G,Gadgets,41.74,294
2958,Widget H,Gadgets,16.88,394
2959,Widget I,Gadgets,18.24,417
2960,Widget J,Gadgets,22.73,181
2961,Widget K,Tools,22.47,157
2962,Widget L,Appliances,33.83,354
2963,Widget M,Gadgets,53.26,282
2964,Widget N,Gadgets,23.94,446
2965,Widget O,Tools,17.58,155
2966,Widget P,Gadgets,,177
2967,Widget Q,Gadgets,10.23,145
2968,Widget R,Tools,41.57,398
2969,Widget S,Gadgets,27.0,466
2970,Widget T,Tools,25.66,111
2971,Widget U,Tools,57.09,97
2972,Widget V,Tools,10.58,74
2973,Widget W,Tools,41.66,132
2974,Widget X,Appliances,54.09,299
2975,Widget Y,Tools,31.1,238
2976,Widget Z,Tools,25.83,220
2977,Widget A,Gadgets,19.22,135
2978,Widget B,Tools,22.81,445
2979,Widget C,Gadgets,48.41,431
2980,Widget D,Appliances,54.81,352
2981,Widget E,Appliances,11.72,474
2982,Widget F,Appliances,46.75,470
2983,Widget G,Tools,13.18,256
2984,Widget H,Gadgets,56.85,493
2985,Widget I,Appliances,26.41,413
2986,Widget J,Gadgets,17.26,291
2987,Widget K,Gadgets,11.87,130
2988,Widget L,Appliances,46.08,380
2989,Widget M,Tools,48.83,135
2990,Widget N,Appliances,11.15,368
2991,Widget O,Tools,37.59,498
2992,Widget P,Tools,30.65,477
2993,Widget Q,Appliances,57.84,326
2994,Widget R,Gadgets,49.05,316
2995,Widget S,Appliances,15.95,431
2996,Widget T,Tools,51.16,225
2997,Widget U,Gadgets,56.64,494
2998,Widget V,Tools,58.87,338
2999,Widget W,Tools,42.26,222
3000,Widget X,Appliances,34.13,252
